date,1,2,3,4,5
2000-12-31,1.0,1.0,1.0,1.0,1.0
2001-01-31,1.0192594498333742,1.0079327057840204,0.9741046831955923,1.029027828857082,1.0135802559079792
2001-02-28,0.9330039676637414,1.0197731546839401,0.9812672176308539,0.9012084101177656,0.9754242151172414
2001-03-31,0.8715674884728716,1.0234630223277763,0.9474747474747475,0.8136760490202437,0.9444665668593433
2001-04-30,0.9358138936569641,1.0112683665200572,0.9677869605142334,0.9052827249992745,0.9728098414414055
2001-05-31,0.9236174480726481,1.0149964579309216,0.9792470156106522,0.8876427145265618,0.9682295380109691
2001-06-30,0.8945493867607865,1.0197119966566943,0.9974288337924704,0.846070365096238,0.9550825834878695
2001-07-31,0.8825941365406959,1.045175396125639,0.9775941230486687,0.8291661362271714,0.9604507672322866
2001-08-31,0.8400995332869704,1.0575344141315814,1.0080808080808081,0.7700095564524967,0.942567858430814
2001-09-30,0.7659600982469118,1.0756015146804747,1.0745638200183656,0.6703617395702055,0.9076716597201785
2001-10-31,0.780588597087164,1.1041686840321487,1.02791551882461,0.6896572469656879,0.9283864949557565
2001-11-30,0.8266488718086838,1.0779586469805773,1.0102846648301196,0.7515910780360693,0.9439773828767877
2001-12-31,0.8317622135302559,1.0674292732897412,1.0246097337006428,0.7585754442457929,0.9422565123884618
2002-01-31,0.8064768995139914,1.0745083149434544,1.0352617079889808,0.7242489898645527,0.9308953401632217
2002-02-28,0.7993857558057734,1.0846885782287616,1.089623507805326,0.7147178159424639,0.9311737748247039
2002-03-31,0.8346002789826379,1.0586760306401717,1.1111111111111112,0.7624612703070608,0.9399847395168279
2002-04-30,0.8062316842270291,1.0839253770137554,1.1318640955004593,0.7239186950537734,0.9348235032808158
2002-05-31,0.8075743384212156,1.0903737265114954,1.194674012855831,0.725727809691167,0.9383804350152427
2002-06-30,0.7584348028830886,1.105492500496909,1.1652892561983472,0.6605069327729454,0.9156658706663179
2002-07-31,0.6944416528314327,1.1313202998781937,1.1108539944903584,0.5787002141909459,0.8863610657791579
2002-08-31,0.6956275300388727,1.154899267632624,1.1487603305785126,0.5801831903791957,0.8963145234720817
2002-09-30,0.6190399620519295,1.1854324127351403,1.1902662993572086,0.4870550252948499,0.8566388012427922
2002-10-31,0.6646500054268957,1.1726886088077755,1.1663911845730028,0.541863027237304,0.8828519072914475
2002-11-30,0.7003871185595814,1.1616330212575114,1.1715335169880623,0.5861479156733688,0.9019937940929577
2002-12-31,0.6663584725901568,1.1908971372946748,1.2776859504132232,0.5439536384645791,0.8908223152905801
2003-01-31,0.6460498229224033,1.187209817901974,1.3518824609733702,0.5192769169902739,0.87578347359796
2003-02-28,0.6347417802629833,1.207366484381769,1.2846648301193757,0.505703114527601,0.8754232985969378
2003-03-31,0.632647400516962,1.2024814869555027,1.2339761248852157,0.5032022703140463,0.8722079952007833
2003-04-30,0.6887132629310865,1.2080417709326092,1.2457300275482093,0.5715545281047638,0.9121372647886091
2003-05-31,0.7279235893086135,1.241651929280935,1.3390266299357207,0.6210530375253399,0.9506985479289124
2003-06-30,0.7404295689436848,1.2341511520643387,1.272176308539945,0.6371264439617881,0.9559299166436575
2003-07-31,0.7553796616029038,1.1818546681412552,1.3074380165289254,0.6565199550311125,0.9448539460066584
2003-08-31,0.7716080896925159,1.1883654497918084,1.379430670339761,0.677790002024744,0.9575763126615259
2003-09-30,0.7762511004538493,1.2237606580603737,1.4225160697887969,0.6839169122051822,0.9746515056734337
2003-10-31,0.8222390165661015,1.2055610484524475,1.4069788797061522,0.745584930039441,0.9956200735671908
2003-11-30,0.8346645977464313,1.2071766396721935,1.4609733700642789,0.7625494110237634,1.0037866328861327
2003-12-31,0.8869637925559071,1.217778638520384,1.5245179063360876,0.8353314586466398,1.0392908927319668
2004-01-31,0.9011983389679249,1.2279346934199065,1.4736455463728184,0.8555208020012448,1.0519566084545064
2004-02-29,0.9162891289229418,1.2428152059241748,1.4582185491276396,0.877099373969336,1.0671354470958447
2004-03-31,0.9102069858217322,1.254453068858843,1.5614325068870516,0.8683808679649405,1.0685560100719236
2004-04-30,0.8915666040898692,1.2149335161278823,1.4299357208448114,0.8418421930425865,1.0407661356755895
2004-05-31,0.899686848018781,1.2109047310830583,1.4521579430670333,0.853369383929474,1.0437600589978264
2004-06-30,0.9181583929956865,1.2157846320070542,1.4471992653810828,0.8797847156173809,1.0565428831582977
2004-07-31,0.8881818291452436,1.2270912222941401,1.433241505968778,0.8370527468011016,1.0439732402438684
2004-08-31,0.8920851741229532,1.2522055113575559,1.5048668503213949,0.8425767723858208,1.056917201883443
2004-09-30,0.908960809773236,1.2552366560829307,1.5357208448117534,0.8665981114501611,1.0681577258861115
2004-10-31,0.9312030422775273,1.2649454929082176,1.5685583103764917,0.8986003413840823,1.0853207320010883
2004-11-30,0.9801214820651146,1.2481792745638671,1.655280073461891,0.9703309010414973,1.1060593657071471
2004-12-31,1.0175349029791647,1.260379026873857,1.608999081726354,1.0264173220045887,1.1324661808756427
2005-01-31,0.9946253633005173,1.2694966694357668,1.548209366391184,0.9919488871937318,1.1236874948340156
2005-02-28,1.0261335177137896,1.2595113473623056,1.6014692378328736,1.0394552821321694,1.1368495104759104
2005-03-31,1.0062148005515335,1.2553768098953693,1.572966023875114,1.009336669764437,1.123912241407615
2005-04-30,0.984290141943472,1.27704204104723,1.6015059687786954,0.9765280065433708,1.1211511458541878
2005-05-31,1.0017768058497916,1.2925774540932564,1.532047750229568,1.002666392313966,1.1379253548783408
2005-06-30,1.0104437592709468,1.300479580863654,1.6010284664830114,1.0157064700290164,1.146325205403325
2005-07-31,1.04574270082529,1.2832228241757688,1.5814508723599627,1.0693928175820364,1.1584130964013764
2005-08-31,1.0536217493899764,1.3035731577418426,1.596069788797061,1.0815014111781414,1.171952657285172
2005-09-30,1.0809893833840514,1.286427249978341,1.7226813590449952,1.1239115725338344,1.179243062189694
2005-10-31,1.054763407447309,1.2766381432422937,1.7168044077134983,1.0832596881048575,1.160409926725658
2005-11-30,1.0899055720149058,1.2827246410788284,1.8170798898071625,1.13784553410791,1.1823911085899772
2005-12-31,1.1140532478965754,1.2957653162634493,1.898989898989899,1.1758689530537947,1.2014789049729622
2006-01-31,1.1637997917680023,1.2921722821627524,2.1008264462809914,1.2555020111353394,1.226307397396507
2006-02-28,1.1620672050683185,1.2942274467033281,2.0613406795224978,1.2526993946935938,1.226368326284254
2006-03-31,1.1876178339852308,1.280819823355232,2.140863177226813,1.294240738554313,1.23333874679201
2006-04-30,1.2236765409368833,1.2755360246262994,2.3993755739210285,1.353629939213793,1.2493372284755997
2006-05-31,1.1818773843166734,1.2762164076794102,2.3581267217630852,1.2848683564354024,1.2281414046151862
2006-06-30,1.181531670961284,1.280241370347531,2.25524334251607,1.2843046384830996,1.2298966320551015
2006-07-31,1.1889042092610977,1.295799717653775,2.3263911845730028,1.2963441046234057,1.2412017316608588
2006-08-31,1.219765156113699,1.3147790921090863,2.3003856749311296,1.3471449724959006,1.2663813503607302
2006-09-30,1.2343092365764725,1.3268348682299345,2.1911845730027544,1.371311027301399,1.2797361186072442
2006-10-31,1.2796097459006834,1.333625957505365,2.2214876033057847,1.4474924551848036,1.306338689854203
2006-11-30,1.3109450436362609,1.3474807989276971,2.378328741965105,1.5009863020390832,1.3290873841660271
2006-12-31,1.3376011513058714,1.3364188407495947,2.3349862258953165,1.5469987075107994,1.3370098653388895
2007-01-31,1.3533914078171414,1.33437896571583,2.3894582185491267,1.5744726555000166,1.34385156433727
2007-02-28,1.3463485031817684,1.356388210770949,2.453223140495867,1.5621985766370579,1.3513590334566397
2007-03-31,1.3709946494828364,1.3556262836815103,2.44279155188246,1.6052905157520403,1.363288810790161
2007-04-30,1.431470367139543,1.362747371478955,2.500826446280991,1.7126694191705594,1.3966862497244779
2007-05-31,1.4715650765192287,1.3508980037000617,2.422222222222221,1.7851273701120876,1.4099412484868135
2007-06-30,1.4602128147097009,1.350190864010031,2.3908172635445353,1.7645104436885248,1.4041246390301003
2007-07-31,1.4278765562125892,1.3726065551212212,2.4431588613406783,1.70622379642611,1.399968828567734
2007-08-31,1.4267911770735764,1.394241207259459,2.471992653810835,1.704278725188371,1.4104222960624972
2007-09-30,1.494643452952834,1.401719050215838,2.7318640955004585,1.8272854923141035,1.4474357330411483
2007-10-31,1.5404866518465512,1.4127287692456678,2.90358126721763,1.9119956916342118,1.4752253426858408
2007-11-30,1.4775185820928518,1.4556655267489933,2.875739210284664,1.7959714447562976,1.466551350987621
2007-12-31,1.458456108473595,1.4574327389112864,3.059871441689623,1.7613272151873147,1.457944333901184
2008-01-31,1.3470037505879133,1.4942001804161817,3.395739210284664,1.5633391629324203,1.4186942049468352
2008-02-29,1.3392051004779686,1.5104478296545094,3.5742148760330577,1.5497821056041254,1.4222515380477518
2008-03-31,1.3263694871784562,1.521401487159364,3.38277318640955,1.5275547454820226,1.4205423296460071
2008-04-30,1.396082987284984,1.4956131856706754,3.1846831955922865,1.6495551963148078,1.4449913923874864
2008-05-31,1.4173684781778493,1.4775919536422166,3.2522681359044996,1.687423740521227,1.4471669767866122
2008-06-30,1.304324230888282,1.4899216667601034,3.392323232323232,1.489629771942038,1.394037636536639
2008-07-31,1.2724542834286723,1.4958654625330643,3.369807162534435,1.4353680732035057,1.3796450323301312
2008-08-31,1.2545776870168552,1.5147174244316133,3.055500459136823,1.4052265247592757,1.378524821259139
2008-09-30,1.1053621749389975,1.5246352178499902,3.215977961432507,1.1621358499947412,1.2981810738072161
2008-10-31,0.8957835030410715,1.5224144169856235,2.651239669421487,0.8478218210869447,1.1677986639518012
2008-11-30,0.8378001374813574,1.604282081207668,3.0034159779614322,0.766850386744499,1.1593393585118472
2008-12-31,0.8646813608242447,1.661145031165112,3.215537190082644,0.8040520176260726,1.1984828518065165
2009-01-31,0.7889299367666152,1.609962132988131,3.408080808080808,0.7007412026679962,1.1270081294183154
2009-02-28,0.7081777288240518,1.601208890338561,3.461230486685032,0.5959549028922546,1.0648664119657647
2009-03-31,0.7615783824634889,1.637413168342567,3.3788797061524334,0.664617713583442,1.116699812917844
2009-04-30,0.8470138003947562,1.6063257786181349,3.261524334251607,0.7795351980931605,1.166439069312843
2009-05-31,0.9237581453684457,1.590118901397971,3.584022038567493,0.8878455479927554,1.2119757783349878
2009-06-30,0.9195894854900886,1.5869845525016189,3.4159779614325063,0.8818424386524053,1.2080456564698543
2009-07-31,0.9974754885211102,1.5933640992187068,3.504132231404958,0.9962156237225153,1.260690934868724
2009-08-31,1.0386274375806492,1.6081732606911885,3.4928925619834708,1.0584971349654086,1.2923981093058772
2009-09-30,1.0800246019271504,1.620815134573143,3.7010101010100995,1.1224072741320437,1.3230722657946006
2009-10-31,1.0608093712438842,1.6198837487832107,3.8400367309458203,1.0925869815622213,1.31087293855465
2009-11-30,1.1041561981178718,1.642753028596475,4.30993572084481,1.1602344914305867,1.3467946905529822
2009-12-31,1.1239864769799122,1.5994047285348074,4.035445362718089,1.1916305512362302,1.340786816049013
2010-01-31,1.0775282299074207,1.6246515266572559,3.971349862258951,1.1185180205289265,1.323105394039107
2010-02-28,1.092719517930865,1.631061652387967,4.105013774104681,1.1422549549322432,1.33502543141054
2010-03-31,1.1603908972869537,1.6171787802031474,4.093627180899906,1.2499898023480438,1.3698757373693977
2010-04-30,1.1605557141191745,1.6342558851859976,4.330688705234158,1.2502561264057743,1.3771873532259502
2010-05-31,1.049388770747826,1.662386029467977,4.468135904499539,1.0749904817550033,1.3207911386633993
2010-06-30,1.0134064423281781,1.693470870941274,4.560808080808079,1.0201769134068135,1.310028354848473
2010-07-31,1.0955656232287212,1.7049163409152308,4.337924701561064,1.1467205480522573,1.366692260015994
2010-08-31,1.0546629093788817,1.7398235590913969,4.585674931129476,1.0831048719931096,1.3545949123768524
2010-09-30,1.153006299218929,1.739869427611831,4.802938475665748,1.2380766130786351,1.4163616804527268
2010-10-31,1.1959873131238417,1.7367643836035338,4.993204775022956,1.3079461357584914,1.4412314764378324
2010-11-30,1.1701673493835447,1.7249290312058843,5.100202020202018,1.265820031449378,1.420723629817184
2010-12-31,1.2562017358026376,1.6934543073088948,5.220936639118456,1.4079560028030753,1.4585335924632954
2011-01-31,1.2845823903264577,1.6935651562332783,4.911441689623507,1.4559382179993956,1.47496575437118
2011-02-28,1.3295572859089646,1.6921215719651612,5.185968778696051,1.5330650446309966,1.4999241863007642
2011-03-31,1.3164483178633302,1.691159607161606,5.281101928374655,1.5104477996736125,1.4920872025744023
2011-04-30,1.3723734829816567,1.7106690178530488,5.743617998163452,1.6077128280130943,1.5322130394497355
2011-05-31,1.3439043901576209,1.7376983176446017,5.642718089990816,1.5579465685176375,1.528168969012292
2011-06-30,1.3226430188011782,1.7323635538929643,5.52697887970615,1.5211217141018178,1.513703590727764
2011-07-31,1.2986601597517293,1.763992446983636,5.9763085399449025,1.4799371637695966,1.5135477240578215
2011-08-31,1.2071586784102006,1.8134170518772976,6.740091827364553,1.3263145726509358,1.479554707251719
2011-09-30,1.1028979623011643,1.8424747595725064,5.964334251606977,1.1582518471830716,1.4255040013706886
2011-10-31,1.2169793496568992,1.828481038463304,6.334178145087234,1.3425325171365023,1.4917183598283699
2011-11-30,1.187264080784367,1.8418351485375601,6.411717171717169,1.2936625125100414,1.4787645906582914
2011-12-31,1.1866048134554852,1.8592524450469656,5.748062442607895,1.2925851392836376,1.4853275398785308
2012-01-31,1.246151928959925,1.8676361912819246,6.357796143250685,1.3910940438047286,1.5255682358915765
2012-02-29,1.307025618967603,1.8543903818809164,6.324701561065194,1.4942599292963923,1.5568351668322096
2012-03-31,1.3238288960086182,1.8352479193529492,6.127272727272724,1.5231679213764844,1.5587027384909309
2012-04-30,1.3087943849719204,1.8632430063247605,6.11133149678604,1.4972941737292034,1.5616023772126009
2012-05-31,1.1958144564461466,1.897388297411488,5.755151515151512,1.307662588786261,1.5062949098819916
2012-06-30,1.2567484452948812,1.8902277117214468,5.86758494031221,1.4088752341251822,1.5412789293178664
2012-07-31,1.2729045147752256,1.9103958453313503,5.934729109274561,1.4361299530652272,1.5594074183901103
2012-08-31,1.305176454508544,1.9078208375591845,6.2143250688705205,1.4910899591312161,1.5779869570446443
2012-09-30,1.341030145400605,1.9012578167603587,6.509641873278233,1.5529512079776835,1.5967604849989805
2012-10-31,1.3319692395512157,1.8979654762936213,6.315335169880621,1.537238642502053,1.589978500531776
2012-11-30,1.3490257717246672,1.90888473240815,6.299283746556471,1.5668606351296608,1.6047226237796794
2012-12-31,1.3743955041184108,1.8994511067054696,6.156951331496783,1.6112672829294064,1.6157342174221405
2013-01-31,1.444406478507483,1.8814031180400907,6.1065564738291975,1.7359377260513789,1.6484874438045576
2013-02-28,1.4467902926905745,1.892574651017009,5.808631772268133,1.740236924312344,1.6547382370887724
2013-03-31,1.4806822612869381,1.8946068812973675,5.867768595041319,1.8017428624583376,1.674906206702088
2013-04-30,1.5273093451143869,1.9145596876863424,5.406648301193752,1.8875154432026033,1.7100072814998861
2013-05-31,1.52788419406579,1.87598426200099,5.097520661157021,1.888581178543205,1.693011134702748
2013-06-30,1.4902376176329888,1.8524396956368863,4.534545454545451,1.8192118780175597,1.6614979141830695
2013-07-31,1.5686904297699396,1.8488364685316487,4.805472910927452,1.9647435446648798,1.7030126465752529
2013-08-31,1.5353009515157117,1.8388715324672693,5.124958677685947,1.9023493686927724,1.680244391007496
2013-09-30,1.6120895156395092,1.8529149444736095,4.891717171717168,2.046839221271589,1.7283126902727026
2013-10-31,1.6751902428435324,1.8630697252475643,4.861928374655645,2.1681843342084752,1.7666341515638995
2013-11-30,1.7049617906343835,1.8551089887010566,4.603673094582183,2.2262399703815343,1.778451557731526
2013-12-31,1.7410365772769845,1.8358289206117862,4.426042240587693,2.297268951180028,1.7878046035313935
2014-01-31,1.6765529966514037,1.8651452757972227,4.57134986225895,2.1708305730120356,1.7683367612895573
2014-02-28,1.7604809435562645,1.8709654813901242,4.871955922865011,2.3358609833828514,1.814882661782542
2014-03-31,1.763029574571576,1.8656931497913003,4.72697887970615,2.340935223351078,1.8136350791042994
2014-04-30,1.7810951073520365,1.8773412057305092,4.7511478420569295,2.3770081236219824,1.8285850366764411
2014-05-31,1.816136773851206,1.8978202259789128,4.590192837465562,2.4475007210042445,1.856529316374753
2014-06-30,1.8486257894123268,1.8948578840341894,4.842424242424238,2.513468872120707,1.8715990894678467
2014-07-31,1.8191235764448606,1.8920229546462286,4.709935720844808,2.4535409100115504,1.8552152338669003
2014-08-31,1.8592102459790718,1.9150591449088514,4.728448117539023,2.5350863458242805,1.8869280812660705
2014-09-30,1.8087481558604441,1.9029371142584866,4.4395592286501335,2.4325801133177674,1.8552449962561361
2014-10-31,1.8204501509480981,1.9235957862119253,4.3083195592286465,2.456225223077994,1.8713124376684465
2014-11-30,1.8569309497871447,1.9413290658621014,4.287897153351696,2.530425946584766,1.898661114080314
2014-12-31,1.8269905652413354,1.946349120598536,4.363489439853072,2.469473993753372,1.8857257170647308
2015-01-31,1.7938865015014405,2.0024577882199472,4.7154820936639075,2.4026606898119938,1.8953052514342357
2015-02-28,1.8989873814625278,1.967451188249507,4.45612488521579,2.6168758443915077,1.9329161854900143
2015-03-31,1.8692600528217844,1.980412867648935,4.3485032139577555,2.555668896263717,1.9240339554151291
2015-04-30,1.9131013301924336,1.9681697950696464,4.339540863177223,2.646104312082381,1.940440221442626
2015-05-31,1.9196899835585157,1.963567653519392,4.373112947658399,2.6597857093636805,1.9415048690386207
2015-06-30,1.8750527614859238,1.9440060036796776,4.311331496786039,2.5675578590278603,1.909218118902288
2015-07-31,1.9087075546407997,1.9622667713148492,4.0249770431588585,2.636993678334169,1.9353018913413123
2015-08-31,1.7824015822415893,1.9633854535632225,4.164260789715332,2.3796239896974267,1.8707061070572268
2015-09-30,1.7166597657993015,1.981007884289015,4.095133149678602,2.2491910294866724,1.844103177886245
2015-10-31,1.8526939512222576,1.9739454062676811,4.195078053259868,2.521770299243516,1.9123589396959693
2015-11-30,1.8434762683861219,1.9656049803020215,3.9087970615243313,2.502973933318557,1.9035614343142027
2015-12-31,1.8110716712024795,1.9625215964283738,3.901524334251604,2.437268951829484,1.8852764432343843
2016-01-31,1.702726713592565,2.005694067161709,4.107291092745636,2.2218637549256575,1.8480121394218056
2016-02-29,1.6900518972025358,2.025431546329756,4.525509641873274,2.197101200321859,1.8501579466436011
2016-03-31,1.8047402928915703,2.0282473638342027,4.526868686868683,2.4244993490319597,1.9132327985539792
2016-04-30,1.8332978240158222,2.025812509874475,4.751258034894396,2.482272948667632,1.927152735570511
2016-05-31,1.8435928461454971,2.0265718887127786,4.462369146005507,2.5032113616849654,1.9329183728834602
2016-06-30,1.8229344631996172,2.073681407450069,4.834269972451788,2.4612548404099948,1.9442698638144384
2016-07-31,1.8999521629194287,2.082485615122344,4.963379247015608,2.618870355222095,1.989126202306
2016-08-31,1.901531992555103,2.0705597998093928,4.805032139577592,2.622137460331577,1.9842468853033506
2016-09-30,1.9116300384706606,2.0667527126133356,4.83331496786042,2.6430523754025637,1.9876786881994712
2016-10-31,1.8746346895212673,2.042958417637977,4.67864095500459,2.566699191892562,1.9569876644868323
2016-11-30,1.9015922913961592,1.987167007282904,4.31566574839302,2.622262185898134,1.9439088103010245
2016-12-31,1.9470937968572242,1.9848888707679941,4.214876033057849,2.7169416394727137,1.965900508093759
2017-01-31,1.9940866936537476,1.989371244514892,4.4466115702479305,2.815892384347264,1.991727573596485
2017-02-28,2.0494088703615114,1.9996585343478797,4.614765840220382,2.933883856238489,2.0243808776973373
2017-03-31,2.0712370508238833,1.9984850647000991,4.588429752066112,2.9808814840998226,2.034535895855615
2017-04-30,2.101909061307842,2.012481334060437,4.658512396694212,3.0473397986613384,2.056709204475568
2017-05-31,2.146373426702739,2.025967953193726,4.664315886134065,3.144545798318406,2.0853018433997392
2017-06-30,2.1546303480047118,2.022929163714945,4.560550964187326,3.162708449892532,2.087741499325051
2017-07-31,2.206197916876038,2.026004902835187,4.657116620752982,3.2769265363559335,2.1141825361627666
2017-08-31,2.2093012972290675,2.04891240641548,4.837318640955002,3.2838432717958153,2.1275960230745046
2017-09-30,2.258887044191011,2.0308924485125885,4.70064279155188,3.3950155813395497,2.141858221286004
2017-10-31,2.301578623658854,2.0286627287692482,4.666078971533514,3.4917144723707505,2.160816227990881
2017-11-30,2.35144978513513,2.0262023922981682,4.6711478420569295,3.6058160153432595,2.182776484207628
2017-12-31,2.3832473739854727,2.0332151794223647,4.785307621671255,3.679202441328937,2.201284792366892
2018-01-31,2.509083015424444,2.004832758277997,4.9211753902662965,3.9744088928212604,2.2428312068815743
2018-02-28,2.4051398732116374,1.9890425201184452,4.845987144168959,3.7300143909400045,2.1872186618283576
2018-03-31,2.352716060797312,2.0086920846223264,4.868613406795222,3.6087290512102603,2.1739094113341935
2018-04-30,2.379750041204209,1.9921603053824184,4.838053259871439,3.6711067604032785,2.1773478290845487
2018-05-31,2.394663954558794,2.0102528884426643,4.782038567493111,3.705671058146358,2.1940556354617233
2018-06-30,2.393522296501462,2.0108338897015,4.600918273645544,3.7030213513242787,2.193849527556824
2018-07-31,2.4682807996430314,2.0017175212651575,4.503581267217627,3.8778575125848396,2.222791246169516
2018-08-31,2.4988201526766667,2.0173510419798912,4.4081542699724485,3.950049151762913,2.245216568334249
2018-09-30,2.5127331052697173,1.9976212075652497,4.3802387511478384,3.983084706358154,2.240421598726024
2018-10-31,2.3282266914829903,1.9870918338744141,4.456712580348941,3.552531158415796,2.1509068427187388
2018-11-30,2.3546777830930092,2.004981830969408,4.483085399449032,3.613243492959817,2.1728060596585252
2018-12-31,2.1756304243832436,2.0494857629209093,4.7073645546372775,3.209058876455408,2.1116163430299153
2019-01-31,2.3449093708418927,2.059055720059326,4.856051423324146,3.590782444922522,2.1973390846778096
2019-02-28,2.415418815650363,2.0533412668885362,4.8311845730027505,3.753951588288432,2.227033706748491
2019-03-31,2.447144045891438,2.094143864066094,4.747033976124882,3.8281531230057286,2.2637737714244834
2019-04-30,2.5339180980941545,2.087368064297475,4.714820936639114,4.033563144448181,2.299830366680798
2019-05-31,2.387709488223636,2.1383636660160157,4.79551882460973,3.6895400401722926,2.259599790807903
2019-06-30,2.545045244230406,2.158208171731743,5.177410468319555,4.060161054030197,2.343658986184865
2019-07-31,2.557651721933904,2.155935131719104,5.232727272727268,4.090365425278847,2.348218729594661
2019-08-31,2.5053364474334807,2.2325470279747037,5.584499540863173,3.965510323259977,2.365011932273137
2019-09-30,2.5586526826954388,2.212377620239233,5.401432506887048,4.092766863958862,2.379223808968055
2019-10-31,2.623763371268004,2.2130567291667758,5.555224977043154,4.249981086003597,2.4096757426106024
2019-11-30,2.696837526782735,2.206249076258967,5.377300275482089,4.428760288063498,2.4392407224964336
2019-12-31,2.777629933952669,2.1926541564524302,5.593425160697882,4.629260024984909,2.4678698952270572
2020-01-31,2.7607221389204897,2.2488813177516302,5.83713498622589,4.587056050953753,2.4916934887183873
2020-02-29,2.52737366387818,2.3102342862093774,5.824389348025706,4.01794681278093,2.4163661337541513
2020-03-31,2.192891972616286,2.3856446820547093,5.86920110192837,3.247325752371301,2.2872387441612867
2020-04-30,2.432455248210129,2.3953140209873993,6.198971533516983,3.793737595850026,2.41381319937192
2020-05-31,2.5499616097378612,2.3879342856997274,6.355445362718085,4.07193149662859,2.467618437909537
2020-06-30,2.61741189334341,2.390529679480975,6.551625344352613,4.234558209928245,2.501399771021
2020-07-31,2.7426324866036076,2.4194931018841794,7.257520661157019,4.5420449086288714,2.5760008506095025
2020-08-31,2.9258766446508897,2.3904201046821596,7.242975206611566,5.004768785666957,2.6446312323636847
2020-09-30,2.824936384722686,2.394842594527379,6.971166207529838,4.7480251252789,2.601014798297785
2020-10-31,2.7382829302020815,2.3706635136305985,6.901046831955917,4.531244311505926,2.547851532689366
2020-11-30,3.0884021209112356,2.3796932415283423,6.531129476584017,5.4275116339133715,2.7109868414019025
2020-12-31,3.2193430642263055,2.372965858531293,6.958163452708901,5.77631526580767,2.763944858044121
2021-01-31,3.187344479239109,2.3463200705355938,6.786593204775017,5.690409293931706,2.734690169534666
2021-02-28,3.2690212694112017,2.292678110013101,6.369292929292924,5.910532631773188,2.737665703760468
2021-03-31,3.37778831890851,2.2636675449638943,6.288411386593202,6.207956201596774,2.765174459463877
2021-04-30,3.5349914174649553,2.2826927879396397,6.498181818181815,6.646339867018107,2.840651230629304
2021-05-31,3.585911778775611,2.289487699591773,7.003673094582182,6.790463218717016,2.8652924648852194
2021-06-30,3.6393687113333666,2.3093793479535023,6.5097520661157,6.942870831629621,2.8990831208403507
2021-07-31,3.7045517585152,2.34031384260982,6.6636914600550945,7.130229364609312,2.9444547476770078
2021-08-31,3.7967527064129816,2.3366609246074446,6.663213957759409,7.398070520048205,2.9785438874511785
2021-09-30,3.639107416355457,2.3085868418504405,6.458292011019282,6.942123131329743,2.898481584809288
2021-10-31,3.8452289546994898,2.3093054486705804,6.550523415977961,7.540207646058771,2.979900699096098
2021-11-30,3.7609673542074504,2.3298698353320146,6.517392102846645,7.293724340621031,2.960162899273686
2021-12-31,3.921712004695269,2.316588350415113,6.718824609733699,7.766288979941231,3.0141321045634615
2022-01-31,3.714211632852416,2.272887117571214,6.600550964187326,7.1581363848575865,2.9055092104902025
2022-02-28,3.620274078332214,2.255630360883328,6.9761616161616145,6.888301946931644,2.85762141050998
2022-03-31,3.719626468779269,2.1878379618068147,7.142148760330577,7.173795531914642,2.852707484502523
2022-04-30,3.410627067747757,2.117648932537602,6.967603305785122,6.298706203837303,2.68747293368694
2022-05-31,3.413207858144965,2.118966378374524,6.78042240587695,6.305856816422066,2.6893256950047726
2022-06-30,3.117550580677838,2.1036259065403438,6.648117539026629,5.504530248779306,2.5608905026306363
2022-07-31,3.3650733032911098,2.138517835209698,6.486464646464645,6.172936276053729,2.682586303528006
2022-08-31,3.2243840473386096,2.0825416766473195,6.303838383838382,5.789887772443634,2.5913151410238426
2022-09-30,2.9246465482933406,2.004423763970789,6.099577594123047,5.001612961878066,2.421204461133821
2022-10-31,3.13467545153782,1.9739173755051929,6.007529843893479,5.549947491614801,2.487486751795894
2022-11-30,3.3526316424198317,2.029436122988795,6.438494031221304,6.138733211428122,2.6084385678413167
2022-12-31,3.210254018917755,2.0187971744991438,6.69979797979798,5.75187047232371,2.545751704863552
2023-01-31,3.437395733254006,2.0711688318307164,7.08771349862259,6.373005603465269,2.6682254225202917
2023-02-28,3.354766221393224,2.021277896979305,6.719412304866851,6.144596827419765,2.6040189732094707
2023-03-31,3.4584279690144344,2.0810611427377412,7.233351698806244,6.431586310512817,2.68275978448935
2023-04-30,3.5190524238124135,2.092442906433317,7.309458218549126,6.601438853537604,2.713561549250957
2023-05-31,3.483922319013027,2.0667463419854974,7.218475665748392,6.5028343998561,2.68335307191987
2023-06-30,3.6946225493545994,2.0517575288079812,7.0499540863177215,7.101582142376537,2.7532652672312627
2023-07-31,3.8187336439393613,2.043628607686547,7.239816345270889,7.462409051596439,2.7935771548123696
2023-08-31,3.7275215970349036,2.0317320972616515,7.132341597796142,7.196647858642422,2.7519675274123103
2023-09-30,3.566720667628767,1.9833471788311707,6.790192837465563,6.736024335680688,2.6597077609805826
2023-10-31,3.463231776685251,1.957123126398355,7.28819100091827,6.444991315721027,2.603453668154739
2023-11-30,3.787916916236868,2.027694393337855,7.482350780532597,7.372260403543186,2.7714144211003724
2023-12-31,3.9738785420544187,2.096855203273996,7.577520661157024,7.921763702732209,2.886632622639342
2024-01-31,4.021566885484458,2.0931704321324305,7.528705234159779,8.064787790218999,2.9013488062518396
2024-02-29,4.192071908377918,2.064818590001684,7.514196510560146,8.583078518892014,2.942085655966284
2024-03-31,4.326783539220374,2.0771763338820595,8.190523415977959,9.00010866888804,2.9979146701497386
2024-04-30,4.166067028191715,2.028094468766088,8.42898071625344,8.503336773688076,2.90674689238406
2024-05-31,4.35209297277306,2.0584110125221082,8.548503213957758,9.079192971131597,2.9930579851844077
2024-06-30,4.440647850748306,2.079629025599733,8.546372819100092,9.35770826657642,3.0388978533151203
2024-07-31,4.51890368667114,2.126098933302077,8.91449035812672,9.60615583555588,3.099618735897422
2024-08-31,4.638339611112672,2.1539245615733944,9.195188246097334,9.989501481334447,3.1607963574539832
2024-09-30,4.7232845984700145,2.1802811230652424,9.693957759412303,10.265170607325189,3.2090634535497995
2024-10-31,4.629588239314037,2.126211056352028,10.062956841138657,9.961243332887198,3.137432342025374
2024-11-30,4.842025076278031,2.143658931875056,9.772966023875117,10.654683450691605,3.2217464678534844
2024-12-31,4.715839701560932,2.10750307064262,9.639632690541779,10.240910049024718,3.1525619187730545
2025-01-31,4.882256463030777,2.119106532186962,10.2788246097337,10.787750251673694,3.216523210334496
2025-02-28,4.847118318385917,2.166670913751894,10.497079889807164,10.671499085567252,3.240695955494863
2025-03-31,4.63132082601372,2.17090228476197,11.451460055096419,9.966835730564652,3.170827173256039
2025-04-30,4.672480814918733,2.1828969028555725,12.16073461891644,10.099998058042067,3.193672478438919
2025-05-31,4.9490514992301815,2.159517972815259,12.081726354453625,11.009889483490161,3.2691842500807264
2025-06-30,5.162617934483296,2.18744935350869,12.111404958677685,11.730188163047995,3.3605007459005054
2025-07-31,5.229075297172784,2.1789636772283205,12.10325068870523,11.957416129894199,3.3754947989933837
2025-08-31,5.365479315487552,2.2013284033168063,12.664646464646465,12.428330320658619,3.4367400272047877
2025-09-30,5.5379541005221835,2.2215475019494146,14.127052341597796,13.032388797630647,3.507538752163057
2025-10-31,5.648855728992884,2.23562021884381,14.703103764921947,13.425817041000338,3.553687673539725
2025-11-30,5.664811576573493,2.24927247430089,15.571827364554638,13.482741355057504,3.5695524581224163
2025-12-31,5.710602528531397,2.2379136448655315,15.875188246097336,13.646550916644728,3.5748895533993794
